income,budget_limit,days_passed,food_spent,transport_spent,utilities_spent,entertainment_spent,other_spent,total_spent,percent_spent,overspent
32507,29972.338613424174,23,7106.75747998423,2769.407565743454,2578.9181582500887,3833.4885743720483,858.9647402485665,17147.53651859839,57.21120643858687,0
26402,24282.473674228833,23,602.275072132212,220.60440893281918,1212.7497554627907,2477.555258605749,782.0467257382255,5295.231220871796,21.806803095566263,0
49833,42848.762304292744,6,7004.0824193827275,8434.558887185287,2407.510458939979,5462.507575317151,2795.0516107470717,26103.710951572215,60.92057167531546,1
31949,29169.965252518,23,6215.9281505241615,5826.695033007606,792.130624242485,484.39440163556264,2534.3039948091987,15853.452204219013,54.34854675684099,0
30100,28380.934974596625,27,3114.322632443385,1203.2508427329312,3812.5548834542064,2923.4243380980256,1950.0884756634161,13003.641172391965,45.818226862615134,0
37074,30776.605738690738,11,10693.056616235885,4550.784854298607,1467.2449574208965,563.9426302063877,1426.4938826056143,18701.522940767387,60.76538491461003,1
35243,28588.656517365278,4,9700.057188178325,3225.867908137797,2969.3273134091296,2165.2265876553042,2951.511572129271,21011.990569509824,73.4976495196504,1
42833,34665.721689362,20,8217.253446773473,193.80286954118898,4673.3348588570025,2157.843954306301,2942.305239322306,18184.54036880027,52.456834828800424,0
47842,43168.194307011676,24,11196.904134755554,6145.823024223661,3407.148559054758,2862.268360295985,4566.842484652421,28178.98656298238,65.27719543368843,0
35133,30179.126924464028,4,255.03603724458475,5295.764718848437,2855.7935061482513,3933.375730832795,4026.7923740589927,16366.76236713306,54.23206048371703,1
30567,24971.029797526877,29,4787.580541268061,2425.0196543584993,90.82353469410822,257.73803638641743,2226.171217650609,9787.332984357696,39.194751132478444,0
38583,36127.02826957466,10,12578.854949648805,3366.76794543478,1700.8659601110219,2542.826484152384,2957.2236667566367,23146.539006103627,64.06986711829022,1
45149,40183.67730774516,27,1227.1119758265584,1508.7550425837908,4872.475613661185,2227.005087502899,4566.545126583041,14401.892846157476,35.840156528883924,0
33196,27966.469744660215,18,4574.034742215846,4406.249356620647,32.23774742454574,185.12434641071914,3257.1632479155833,12454.80944058734,44.53479310868474,0
24357,22571.41451795665,30,7276.981370810852,3323.8015837550615,785.2188067408405,477.96728096150326,2438.7068616369024,14302.675903905161,63.36632510349182,0
47584,41169.552736534155,24,12327.054095439538,2927.5393248773607,3580.614744015703,5693.540018806843,5086.868416884232,29615.616600023677,71.93572587380228,0
42760,36344.538001540095,28,196.94525589997536,771.613277605121,4843.83362613474,1936.358447678243,1638.0551083276835,9386.805715645763,25.827280333699658,0
23667,22290.90323452655,11,6458.097660537765,1154.43678681839,461.6856224506969,1777.085636318015,2366.5795964331314,12217.885302558,54.811082233911556,1
41381,39189.66049298215,18,473.8139121204359,2384.212980405561,3727.8792705819365,4192.66749963498,4078.797235071232,14857.370897814146,37.91145600884885,0
32230,26403.15286503343,13,6279.877413628726,682.7599388876523,1877.0317504227862,1279.1161151202932,1031.8618454040407,11150.647063463497,42.232255823624264,0
15432,12891.493138150476,2,1313.932076346794,1085.293802334048,934.6700011260268,954.8906929343669,1676.6776419495695,5965.4642146908045,46.274424155235295,1
38600,36177.97350100902,13,3936.929661552729,5974.727749348986,1978.3409581563615,2561.2456198816385,333.0850454861578,14784.329034425873,40.86555327377176,0
43253,39052.12484763976,9,5108.777236466635,5667.946216527497,4644.184376624949,2980.788927041897,1392.5970186223244,19794.293775283302,50.68685469103132,1
45379,41373.484375930166,8,4121.508466180123,6624.804964951596,4092.9428148878037,5056.089808469001,974.2934909809135,20869.639545469436,50.44206418739717,1
44808,37515.92641836479,11,5006.735888293697,2211.43887993731,5054.707178107561,5215.261321603155,3956.8318525471354,21444.97512048886,57.16232322598628,1
42296,35807.9266643914,22,10255.264719847528,3812.7486119427126,2815.234390553972,957.1005625601717,1796.590614340231,19636.938899244615,54.83964230403835,0
43777,38402.37431711557,4,6784.948887627199,5510.469627342119,1414.1669494329144,4211.090709037314,1726.0306841067472,19646.706857546294,51.160135816888655,1
25303,20787.768262582038,17,5598.570338942515,3219.9522423682,1448.8608412688181,382.48144378617275,1129.4325241459524,11779.297390511658,56.66455985905125,0
40018,34683.20126509911,8,4596.6186557226065,3115.9612727124163,4986.02090111463,4942.191756951456,1535.0215566843012,19175.81414318541,55.28847812119806,1
15619,14703.63997337063,14,1188.4077613044258,1030.3596252153447,544.7104481069742,1873.2215529429316,547.8777050237891,5184.577092593465,35.26050081464939,0
34957,29091.67070277732,13,6070.361670889548,926.5065728100578,1106.6968857456986,3678.6603463375754,3889.7013131535696,15671.92678893645,53.87083797645311,1
41718,37668.13250135445,13,7560.650223845383,1147.7042365842967,4057.4345671596766,3468.4417640981997,3915.924125758745,20150.1549174463,53.49390473956136,1
41004,35813.84595065261,8,2682.6956792195256,4543.260251021532,781.4437238417033,3263.972429661675,4565.352790382123,15836.72487412656,44.21955937362259,1
35701,29467.507192490313,4,6691.727095288647,5710.217898174814,3070.4366896323345,3416.130260084481,568.413849382902,19456.925792563175,66.02840771519928,1
42287,38429.37973535463,11,1624.9067784027395,1682.5038058285274,227.75373976417993,4962.338807374172,3439.9139821183862,11937.417113488005,31.063257319518232,0
41431,33327.1710474486,24,4256.666970241211,4767.978107086197,4912.3896485444975,35.437156876631214,480.39871464273335,14452.87059739127,43.366628919131514,0
31988,29682.165125397078,1,3380.425942083521,3108.766983026665,2543.847675251453,4338.231515362452,3377.074534977147,16748.346650701238,56.425623198123034,1
37346,31734.212019994568,8,6730.778575086973,3002.7728841771527,4055.2645804815706,4172.627438298582,739.7452309894487,18701.188709033726,58.93068558705914,1
19087,16373.207974865145,30,3461.9547035467954,932.9194110713385,2348.309175891722,1819.5828478939325,1997.3438979398572,10560.110036343647,64.49627985276125,0
34470,31953.66314947425,21,6356.173748484072,2222.756051243847,4517.207663957841,2578.9275208540416,2674.4490215150836,18349.514006054887,57.42538475234819,0
19071,15277.94847358645,9,3588.6524884646715,196.50938542319219,369.8438693624448,302.6358940334836,1534.5349145691707,5992.176551852964,39.2210810385481,1
16340,15406.624542149053,1,2089.322208479632,2681.0962266699858,1770.2137397529696,2243.4782056386907,936.7519312232997,9720.862311764578,63.09534113180008,1
49335,41837.82629106987,30,10144.471851179418,986.8261584781479,3589.027165897031,6222.998425894546,1551.2618761214494,22494.585477570592,53.76614291830926,0
44330,40091.88522840831,16,659.9948218880932,3454.3849381253567,3683.766056268428,5464.407627270437,3432.3607962034007,16694.914239755715,41.641629333823474,0
44824,37911.375809614045,1,420.40183350426366,3924.1926372220173,4411.348189038727,1433.5997741659553,1508.1786499894083,11697.72108392037,30.855438068680996,1
33209,30870.727196139942,1,4570.644831590384,1682.7281961988617,3474.7710641265335,567.769791598333,753.6291517424892,11049.543035256602,35.79294703701774,1
25677,21990.64400634278,18,2863.6482469499542,1843.0424197326918,2324.738783559952,2374.9825138513224,2100.1780060979645,11506.589970191886,52.32493403500612,0
30328,25565.500441713564,23,1352.21392328179,2519.6531604187658,1387.1688674671213,2448.9434062449063,2188.9975823569152,9896.976939769498,38.712236290204764,0
37548,34874.84033614564,12,7686.01577731819,3063.84594593175,250.74113057194432,2602.089081619977,3947.5184396620207,17550.21037510388,50.32341426066448,1
20727,17358.07684242017,5,3070.1519331163395,303.6731242907165,2584.378301733788,689.6414439736153,1819.3326281471632,8467.177431261622,48.779467380679456,1
46934,37777.8510660547,24,5986.203149365957,5243.796117855573,1080.498121647995,3734.305637157862,2146.3980204364902,18191.201046463877,48.153085824433205,0
23554,19468.9419496939,22,1576.075720866392,1980.5003373279283,1071.5797950842789,474.18493865636833,79.23151689538571,5181.572308830353,26.61455523478933,0
41516,39200.45620437584,1,3066.1067563381334,5195.742476481023,992.4050769455565,1820.4801723418693,4466.835318649297,15541.56980075588,39.64640033709867,1
31147,26985.53735255616,29,795.4324162506553,2589.0641766181475,2766.260849262239,523.0790526580249,2101.2254152264095,8775.061910015476,32.51764749158969,0
37993,30891.073173793684,18,8900.200578373628,4827.3167887064665,3656.6289838256753,1124.604903328313,3593.7903409022633,22102.541595136343,71.54993117522037,1
31746,28651.328212777033,21,5163.215470932778,85.65921249087448,1544.1514187819098,2069.58226315403,1111.9767984152159,9974.58516377481,34.813692020485995,0
41839,36934.06006528238,9,8867.765807866048,6468.481221314081,4705.805532538188,1224.9525308986938,631.6946499072646,21898.699742524273,59.29134166083413,1
42078,36728.60141336667,2,973.4018481697611,6393.919156646282,1278.7068641202302,1338.0424464478558,3821.1281078534325,13805.198423237562,37.5870517580161,1
18876,16766.381797003647,22,3856.550720738108,1367.9574100559405,1968.3442717242895,37.62478151481142,1686.3012824650345,8916.778466498185,53.18248489421683,0
48029,41494.22985007099,5,9065.563804775207,1926.6613559806722,4540.242472556377,4563.410089365759,2786.4485106561237,22882.326233334137,55.1458029610712,1
29536,25881.449874319096,24,629.8603399730011,1385.2782114683073,1071.3403584636462,605.8769764262905,3007.186285441333,6699.5421717725785,25.88549793116578,0
26160,24792.624288735824,3,2391.0524669384577,2005.2988692299316,686.0814645109712,2741.166077085141,3220.3928905564503,11043.991768320951,44.545473039490346,1
44311,41385.72185258092,15,10140.64928249606,6153.249493708493,4116.336546909524,5620.7153751271735,3369.9394496431355,29400.890147884387,71.0411437369936,1
31527,29735.344488061157,20,8731.58659648848,1349.3621830167465,700.9827156120308,201.984044568712,3529.284572846935,14513.200112532902,48.80790978681952,0
22089,17716.035704786897,20,5675.471422159294,1240.3482226931396,212.38292423612802,2414.0423590473524,207.26219416966205,9749.507122305577,55.03210359680663,0
44506,38475.16670606988,5,2038.7230580674752,4083.31619531431,1683.0403759745427,588.6454655939058,3083.779100127971,11477.504195078203,29.830940779958986,1
28184,24892.12246854576,1,7437.461800616349,775.9914189961563,2868.4360774595407,1152.133479523798,2266.5648524945755,14500.58762909042,58.25372122210023,1
28451,23292.320169871444,20,1952.007608353143,4319.34155708186,2398.1776848534487,2212.066761372829,537.5147932399829,11419.108404901264,49.02520797250525,0
34179,27741.763084876016,11,5772.150745211542,787.7509048066293,929.2097159535161,2509.433076287339,1332.3517977107028,11330.896239969728,40.844182128233214,1
36768,30611.85130874903,12,3319.547214014045,5930.098345239506,4102.138901782846,1709.0273777672758,1305.957685087306,16366.769523890978,53.46546786346526,1
25692,21876.379027377738,6,849.262473850469,10.50277410432937,2432.5018440660606,2292.422498163935,1159.9604092974832,6744.649999482277,30.830742103350456,1
18389,16418.023201519456,9,4700.464049320437,768.1575942926559,739.9734483758059,357.8848968413235,1719.8424554174767,8286.322444247699,50.47089008548128,1
23996,20476.718777541937,30,5568.778333711932,3761.848933050739,1225.9411204824492,2819.9016001249793,566.0167209117393,13942.486708281838,68.08945739672613,0
20305,16665.468730950834,19,4502.78312967967,1100.6629263823504,760.1584095053493,687.2087789118208,2370.509785389859,9421.32302986905,56.53200148143404,0
16099,14206.871689504836,28,1247.3957033440997,997.9415983361721,2119.9426955191498,792.1623967378868,34.51362527490032,5191.956019212208,36.545385449266114,0
45239,38435.548425162815,24,11834.372627278188,2390.7890457185417,5656.890118811084,2723.996085615695,3359.619019831679,25965.66689725519,67.55638454805057,0
25614,22969.981597697464,4,6398.162978828077,1519.1129916559944,3266.2950135696965,3185.745088912163,2505.0700548293516,16874.386127795282,73.46277599755146,1
46808,38308.29297774411,13,5540.311139019287,3934.9642398279857,3946.8422063745825,3383.7253594681997,4360.070243468144,21165.9131881582,55.25151747287439,1
31050,25785.561243441625,13,2942.992320180987,2380.2126389670057,2915.51530702322,734.3956485120598,2290.854873983667,11263.970788666938,43.68324847508157,0
44774,36138.61381111747,22,7295.0448465745985,6855.7777462482,1741.1359378475465,3569.8118005750794,2095.3025234508395,21557.072854696264,59.65107839322983,0
32263,28904.634698048863,12,4896.071079774312,2843.6736138867723,556.3535985854496,2670.447832231442,3553.6561544000165,14520.202278877992,50.2348582867859,1
22916,18392.78068676376,20,4483.588853212501,3476.824673550294,795.9965387134072,252.87267199168141,995.9616358595896,10005.244373327474,54.39767125874382,0
24088,21990.493334400806,7,6967.529030099548,2865.068505212408,2104.944684790499,1846.6806039958083,325.1902735643892,14109.413097662653,64.16142140654301,1
35516,30084.14302555328,24,6017.087850787762,2935.6970633491055,367.42600095656195,4243.533003671122,4446.372682711329,18010.116601475882,59.86581231906192,0
16372,15545.187222396155,15,362.58665981771884,1002.9222307640297,151.58264699500938,2239.1420455637453,62.8791186540094,3819.1127017945128,24.567814122510324,0
18469,17425.69358765369,29,2328.9303394086137,3468.1741414318044,99.4414092879474,1251.4484240747192,1807.7752925365178,8955.769606739603,51.39404960663874,0
41472,38665.893620229544,20,2752.988555365761,7022.549839904873,2795.1220963120536,2364.2684873157446,2903.390012469344,17838.318991367778,46.13450594617831,0
19908,16112.139835484457,18,1151.3160340251998,2994.8454500686316,2247.9428483455176,1693.623346717651,1103.2519304387492,9190.979609595748,57.04381729206482,0
41761,39025.10370361509,11,1802.662573462755,7481.791376122762,4421.911722056373,3901.8268614971807,5227.125372341502,22835.317905480573,58.51443234823543,1
37795,31679.70739684805,11,9905.590205088949,1035.9140226365416,1400.485609308153,1265.2261648722729,245.96371672389313,13853.179718629808,43.7288752231598,1
39536,36385.41009853621,30,5178.097960379488,1656.7099285058362,4072.682489708512,592.5330849899959,167.10747785231763,11667.13094143615,32.0654100361659,0
48250,39244.2429714746,9,855.9685418953579,5720.436350877046,2450.7434504980806,4001.7700398481384,341.2137286466336,13370.132111765257,34.06902796286217,1
34458,29439.444886534653,1,1427.8165893174164,1384.9648040109419,189.77744136307595,2961.7885103198014,1481.7511054993545,7446.098450510591,25.292930893260056,1
31397,26960.172516016137,10,6438.3635579542115,1826.6957508170183,411.2814935792718,2418.223577622396,534.6870473654583,11629.251427338355,43.13492957224144,1
34943,28492.090810039477,12,2244.4892973995275,458.76861047626534,1239.3211534452532,547.1962571757908,1779.3359440033448,6269.1112625001815,22.00298779158459,0
36321,31469.24007907641,12,4485.281369557405,1710.7007084989896,1870.3162153872402,4116.334159400635,1127.140954483563,13309.773407327833,42.29454976949816,1
44392,42077.10097307155,2,7620.998764134912,7751.189329385538,1426.219911330129,1437.1118464473454,4301.436046242624,22536.955897540545,53.56109469605265,1
15638,14456.234489326194,28,3281.1453499815116,982.071612942774,1200.8526750217404,1472.8375980319897,1546.9219369454609,8483.829172923477,58.68630022007141,0
33016,26842.359041161304,17,4901.019422218496,531.3942329913333,901.8279362417471,1573.5320049620523,30.656892765118727,7938.430489178748,29.57426535054387,0
15125,13440.071940859845,30,4089.755091833439,2298.3769424581124,1455.7247774001223,594.6674967984973,1875.583178210593,10314.107486700763,76.74146040352895,0
39193,31717.336113739384,15,1190.2313468946081,3142.5840259646507,636.3601804469172,3475.274455592233,1615.4890980933976,10059.939106991807,31.717478009239308,0
20432,18580.91400605598,9,6128.344715616512,3613.346757345443,342.70151538044405,1940.0709075975058,325.4222086029117,12349.886104542817,66.46543921637914,1
36752,30810.192268708,9,1209.972164915783,3838.7265223488444,2855.3078455732057,3299.4935080816044,4378.819468899519,15582.319509818957,50.57521022238135,1
46967,38224.819689081975,1,6962.283269662363,1082.5059668698113,3401.337321030765,2048.3096312876532,1731.253494768183,15225.689683618775,39.83194638317061,1
19342,17738.288188772305,21,2239.5249265975935,281.5544207821162,1011.1220087628583,1926.4338951721024,1772.8091111089668,7231.444362423637,40.76743079978191,0
39847,33658.87960936767,16,7974.930888662499,882.779769547441,572.2556302138885,3894.176300056998,3345.058255937556,16669.20084441838,49.52393257849005,0
18379,16469.845208428735,17,3386.462591526155,1942.188772982296,1001.5351831382479,316.11562134956307,656.0716085130076,7302.3737775092695,44.33784097601689,0
38586,35898.52609136284,23,2200.506364858326,4655.441193311698,1566.3802296841159,422.6907398522871,3601.497229323551,12446.51575702998,34.67138379261929,0
44744,41587.326414351,21,3347.5039346315853,2000.0793655167054,4608.008677329925,2387.519912759598,2593.4397805522844,14936.551670790099,35.91611425550977,0
36650,29387.175676621664,9,3435.5268441340045,5046.045763155477,4118.327967741684,3863.463155489366,1359.0080314121556,17822.37176193269,60.646766324369494,1
37833,31796.350911523095,3,1002.457024726,3093.5173251618867,3315.1515589710098,787.1269440227054,917.2063371248538,9115.459190006455,28.668255723341463,1
44966,41447.78095226365,15,1610.0802083183805,6334.388018744004,5377.416609819997,4037.0392357877327,1104.3070378261016,18463.231110496214,44.545765023610635,0
32095,27599.108881111646,18,4790.649959009386,2910.722097459773,3594.6167859101065,2746.829724170593,1864.9208794963492,15907.739446046207,57.638598095945014,0
44298,39475.2129222607,2,1870.4476918633563,2815.0676503481272,4620.378935524499,1002.3620026970895,4511.2836154810575,14819.53989591413,37.54138052427617,1
45852,37736.937301735416,10,11219.686102440337,4877.633447497669,5528.458921180982,1956.8052932924052,4893.617492429069,28476.20125684046,75.45975718472235,1
20735,17810.178423398378,27,1468.9690972633819,65.1883629549363,2329.4161663972313,1867.9386769548132,1793.4733367811687,7524.985640351531,42.251040171868645,0
48836,43861.90167106222,17,3210.7677150179193,622.9049505887415,1576.3804785863922,322.4237049817649,4950.896803811039,10683.373652985856,24.356841007726267,0
48889,44411.05455901064,27,3121.3708202337307,8139.590245442759,3449.477260249264,5890.761579583452,517.9687557018431,21119.168661211046,47.553855387849914,0
26864,23306.563687456568,1,1940.3628614780691,632.2437164825806,3374.017464729578,2771.887727132814,808.9484668269179,9527.46023664996,40.878871567744554,1
29203,23375.40736628492,3,3658.307249973476,2700.156017523609,2216.849720348077,1486.4611805468087,2833.4677721371245,12895.241940529095,55.16584904153715,1
44285,38290.032616895005,21,12638.29360787594,932.0356059046651,2070.751916448685,5619.183034230878,1928.7424110002928,23189.006575460462,60.56146989341712,0
48563,43576.4417833475,8,10347.38714266116,8378.440208269687,382.76417975824927,3471.691040766269,1497.9653563662057,24078.247927821576,55.255195106414,1
23756,20769.679460257994,27,958.3486571828238,1643.1518427657616,976.7975220794682,702.544153158525,152.7876374948195,4433.629812681398,21.346645340218096,0
39073,34306.594181668384,18,97.02625597678752,4180.344570221954,3445.9535243631317,4954.2270633232265,171.77047790999245,12849.321891795093,37.454379247768884,0
32516,30453.411118116404,4,1443.3934787429598,5611.472339570563,570.2816031064439,2105.1128744944144,2654.4150782004817,12384.675374114862,40.66761298456761,1
45420,39042.45264589715,17,7925.349191294662,7090.62009161291,941.2916644785212,5689.961301314387,5210.50076410588,26857.72301280636,68.7910753363717,1
36050,33703.947146634695,12,6485.908245601669,1090.0057628302602,1413.115989230507,3495.682900912466,1471.3307901639957,13956.043688738897,41.4077426243899,0
45416,36447.8961569223,12,4076.368727997883,1361.5517317897063,3497.532856507749,3053.40461432254,1713.505214850268,13702.363145468145,37.594387029841634,0
17330,14561.101042851253,16,4795.223901062033,24.607520695183076,665.5893509805082,412.69412581797394,1004.2399209551716,6902.35481951087,47.40269845802333,0
35015,32177.31479503042,12,6064.340345836544,4672.612323928611,1290.4026962212054,2558.441694814296,1076.5662522368557,15662.36331303751,48.67517197381697,1
45107,36944.423118434126,20,2822.812881628058,3259.974188589763,5273.834975503977,1919.6686859505717,4930.398322131827,18206.689053804195,49.281292051680786,0
15204,13466.046551627569,9,3323.921869128578,1454.788936149837,511.3179230001224,75.11121438869804,1757.4306627745455,7122.5706054417815,52.89281139890991,1
48788,43445.70867440489,26,2561.963210268988,2401.202734314511,6132.063197897562,5602.740720467662,1637.1615882872802,18335.131451236004,42.20239929481863,0
38204,33125.18782412785,30,968.2529761222924,6561.393005069522,1719.89330044464,4524.319407195867,3201.1082041865,16974.966893018824,51.24489250640425,0
49442,46068.67395709891,5,10853.548096524852,90.44032968551029,1018.7771578699387,371.65080678177634,561.081779895488,12895.498170757566,27.99190222572153,1
46312,37647.76918684591,1,346.4695017231951,4401.73504466236,4921.911837635729,2779.703339757857,1881.4307113434636,14331.250435122607,38.066665687405276,1
44592,39189.963213072595,24,4058.952823984732,2182.1068309118755,3350.74449625097,4538.321664685299,3132.793748108825,17262.919563941705,44.04933852600125,0
37252,31795.824054858163,10,7439.9910775139515,5217.442712443468,1946.3426430579962,1072.3295268012255,3419.7360246733992,19095.84198449004,60.057704280736644,1
34822,32375.057796271158,26,6506.217618750879,3110.2981677478565,1144.7787033485838,4449.185838335317,1325.001251982863,16535.4815801655,51.07475540034402,0
49796,45167.818913994364,5,7996.579476968271,329.6372307961339,2470.959597575607,6764.413176698314,3967.8837009944095,21529.473183032736,47.66551429908043,1
20023,18046.78097989301,3,2490.3469308861368,179.8948100855008,1965.4481522398685,1249.0455102526457,1205.704873423447,7090.440276887599,39.2892244039947,1
40663,35788.48116987156,4,3450.72326637739,1394.7164658451818,1251.457772145432,1924.7476547026117,5166.9959467800345,13188.64110585065,36.851636824849315,1
16759,14404.318660508923,18,1646.4445246297967,1160.7874650375306,250.32727274841733,1025.544890244805,679.5456133489071,4762.6497660094565,33.064040571851564,0
23069,18897.257941004653,3,4608.01277951535,767.4651615416968,350.7102383623211,1197.3355158051802,640.8615372416795,7564.385232466228,40.029009796455554,1
24314,21069.31048556159,27,2662.096744970206,3615.619471140857,484.6775744096101,2366.5853322278867,1525.6979504999263,10654.677073248487,50.56965238871932,0
49520,41270.81948119247,13,958.8283713734451,6317.545612470365,2661.46542398003,4865.843346522921,5911.652241530447,20715.33499587721,50.193660451344805,1
26062,23851.99551143923,29,1929.8634401144807,2394.3992588006827,2970.684698025009,3145.670061042877,1624.2075596505426,12064.82501763359,50.58203625708128,0
34497,32619.970564058534,10,11223.82957245831,5784.973304862782,3322.0047660130017,4767.356940585635,3052.0843759819727,28150.2489599017,86.297591546322,1
33925,30015.32324008951,12,1487.5460059578866,4537.7609831762675,1641.291818871899,4285.994080717663,3382.884507137237,15335.477395860951,51.09216140434014,1
26548,22385.285778686906,15,300.41865617008403,1218.7877488972395,1441.9700329412726,1985.0724560585993,2859.479578566834,7805.7284726340295,34.86990762506095,0
44676,41934.405637401556,18,11750.320501502789,3573.236550186668,1962.4508583754598,1271.5965334780294,2598.537555587569,21156.141999130516,50.450558861054226,0
43989,38127.50435638691,15,12545.949396425407,4294.485137209773,4667.023470858827,3101.832550617852,2809.183783132257,27418.474338244116,71.91258594309524,1
36378,30497.832890926704,2,6701.300754289732,251.65038202029172,421.3355781386693,4533.247640073096,464.7214826526455,12372.255837174433,40.56765568039838,1
42560,39757.68532884349,25,752.6302984171851,6630.72849993732,4953.077300975341,905.5559841244169,1603.576845140085,14845.56892859435,37.34012381707784,0
23580,19291.812006230295,21,922.3430461930918,1061.24430587004,182.6371435857196,1384.7226451860108,1486.842331594489,5037.789472429352,26.113614785393914,0
21275,18956.506238279464,3,2617.6842523603,736.6073713599386,298.9524664725388,1543.3965016222612,2074.889323342558,7271.529915157596,38.35901945092587,1
31099,28328.517323274194,8,7773.768606662869,1855.3730711762737,1501.8414360914244,3129.2992545760926,1029.8968333661676,15290.179201872828,53.97451277589701,1
43766,37772.30761110908,20,3056.1804465523837,6618.538010513261,2631.861910527808,2549.9091458726466,1314.987322075379,16171.47683554148,42.81304971366204,0
17475,15288.837957958802,28,3560.776119676646,1365.3756629110892,1745.5795703895033,1102.1181593887638,1178.4493539375922,8952.298866303594,58.55447543443522,0
49583,44893.90355903588,22,2151.7571738321726,3438.8640263501447,6060.2711516783165,963.8685508025104,2545.540547745825,15160.301450408968,33.76917632139748,0
28937,25056.912743178393,27,692.8252371312847,4627.509023912045,2709.393538117276,12.106819826226698,1216.525691530033,9258.360310516866,36.94932574260332,0
46054,40197.94808809876,5,8461.5187629529,340.32916087836537,30.228896694692445,3303.755823947379,3807.7468183300525,15943.579462803387,39.662669915044084,1
32976,27571.241288038487,29,5644.574517564805,5227.7215195776935,3264.776165174951,5.3500711691387774,789.548017569605,14931.970291056195,54.1577730761592,0
39794,37317.453648243754,29,12930.93393213004,3543.8185132712256,3146.9169543618013,1159.7229499548139,3286.5487442486437,24067.94109396652,64.4951322800108,0
20880,18747.617618208587,18,5884.245307455917,2397.9315548739787,510.97614135089066,2538.2241919283238,933.679033754251,12265.056229363363,65.42194575939585,1
20240,17370.55464182732,1,33.201022132826466,1017.2163683750134,1208.28374293498,1605.9168869848827,821.3180269546692,4685.936047382372,26.97631793574916,1
38837,32463.22900666397,15,7294.976623914851,1467.8885875183296,1227.509565263896,3177.4173346997713,3230.0069157052485,16397.799027102097,50.511916185959194,0
40188,34309.0971993605,12,11928.464761782536,2786.8277721603986,4774.314821305318,4991.319932134608,1540.0015818169247,26020.928869199783,75.84265105548972,1
21903,18624.888889397258,18,4006.2501439103694,1466.094504148482,2501.3574916091793,987.2234683039534,67.16811750488706,9028.093725476872,48.47327562107696,0
21568,19407.695282367495,29,3475.192006973525,336.2248851699172,1969.9121571005705,874.5967297036524,1328.0431295328904,7983.968908480556,41.13816088061854,0
19559,17888.38836122002,12,83.44646230438963,2068.71387915951,2039.1011479555032,622.2485463993917,1355.8766204669328,6169.386656285727,34.48821957410234,0
39198,31757.384607396387,7,1213.0227775593023,4023.3881373049117,1196.1792114979694,352.5755317459549,3182.017491491604,9967.183149599743,31.385403026162162,1
39796,34177.89735966108,12,1049.745308459743,2988.5997882357233,4296.775709481441,3091.281604174415,3600.7638630559713,15027.166273407292,43.96749781086096,1
20235,17387.48309408374,30,5575.85852301242,453.36997209988834,1294.5372236689332,691.2185095078718,877.0936114766769,8892.07783976579,51.140684316704856,0
22042,19729.592895365426,26,5556.355390803434,1080.0033700844056,1346.6140953452023,1897.1437856327545,256.9710056857914,10137.087647551587,51.380115653237,0
15957,13080.146698880866,12,4552.427920231119,2092.3510047814125,776.2197709034766,1680.3103533473948,108.92626994620039,9210.235319209602,70.41385338589228,1
44485,35887.21670975261,5,11129.959195905696,446.81076212889207,3042.6569745091183,1228.3110628296045,430.5998498897739,16278.337845263084,45.359711166565134,1
30234,27727.44782449988,6,3053.2109140258863,1710.9323812852135,2831.6052353249806,3870.9146771536534,915.4114469306115,12382.074654720345,44.65638068491679,1
31936,26879.020464272082,30,5872.146898753302,4748.389971905297,3066.51286017722,1259.9989652033453,2723.4216685069778,17670.47036454614,65.74075267375886,0
45375,40056.701696264914,10,1146.7420701790743,6381.828930692486,1523.8220426617486,2689.0536550377933,3200.8863849936724,14942.333083564776,37.30295418945608,1
45998,41529.07855667163,19,3192.0842290690453,3385.66360541681,4292.885566941814,5430.216513700772,1957.4090796235575,18258.258994752,43.964999054424766,0
35760,32841.9107884125,8,2587.3758978947453,5849.234030633527,1722.2172757493354,3759.532065224542,3492.6084368947772,17410.96770639693,53.014478416219255,1
25466,21822.580271389863,20,5904.42057801669,2774.623715083787,1882.5428783287073,2605.7670802335742,1451.5466898504083,14618.900941513166,66.98979112327535,0
37023,34748.61759817405,1,4653.299682034991,4531.125051601964,1415.943401753887,29.26709966559724,1401.3731617347114,12031.008396791152,34.62298424620883,1
48087,39214.04299840917,25,4304.749505301567,6607.533780220958,5789.504380100827,2738.649105472067,252.64802276174973,19693.084793857168,50.219470597959194,0
44822,36536.21731911238,28,5377.720347262265,6612.914101025693,3830.0029015854457,2533.7546776144363,3365.900919598254,21720.292947086095,59.44866365715434,0
36813,30823.479342966762,23,1899.7595072567306,558.5170438493207,4218.1700118363915,2030.5838369921103,3681.992469709727,12389.02286964428,40.193460095124465,0
22658,18676.544837762,17,5055.7813390072315,1532.5438553281767,2449.5120020706404,1744.458662543369,2392.395331655024,13174.69119060444,70.54137317715538,1
17757,16395.30445157956,10,3374.8957220668144,523.6521038664669,372.9405700703377,999.0448796302135,69.74735849580529,5340.280634129637,32.57201261435034,0
31195,27280.744019689428,16,4451.361637137714,3198.375481756245,3173.9544360925033,3937.723844221633,1155.2967687009932,15916.712167909089,58.3441278449791,1
16876,14340.224773406482,23,4683.010116371015,1525.6864399918368,1010.3366598779864,435.67088652605986,1502.7088495496293,9157.412952316528,63.85822465836573,0
40208,36621.3697058004,1,2403.3881228147,4018.293053843982,2076.1825667834682,819.8259414279743,3649.1301825576134,12966.81986742774,35.407795971579795,1
19209,16335.773343789813,20,3112.6005497121,3098.7258254235767,2276.8602736591884,1337.7019079016475,1199.87077759688,11025.759334293392,67.49456608055186,0
24410,20694.542744025555,28,1721.3062182343867,2967.813842160045,2759.428607682735,421.59895476899453,2115.032053753937,9985.179676600097,48.25030347424702,0
46180,42712.90342177295,14,7020.913722773445,882.7033860384448,1960.2587223378966,4423.55495670883,5302.855110919596,19590.28589877821,45.8650298373115,0
49954,45067.81252575314,26,2188.119737550655,335.0956957718874,909.1505456556555,6252.117170784039,2834.32551756175,12518.808667323987,27.7777153265878,0
30168,28489.07958661045,29,6821.231969144584,1432.2567236733173,2099.8743800182883,4131.54684274379,428.5584489579382,14913.468364537917,52.348017489294676,0
27351,25342.58802841617,6,6200.445626273261,4377.235314857059,3401.197932553988,898.9704671230113,3488.503710332956,18366.35305114028,72.4722866920554,1
45328,40130.30763221303,1,2216.03105975277,1969.7024913213484,140.15507930221705,4969.179209064762,5265.835157914353,14560.90299735545,36.28405526018758,1
35955,29781.332786578194,7,8621.111166446053,3448.8947447189103,1977.1572392614062,775.6984989870954,4015.531639923245,18838.393289336713,63.25570928721756,1
39070,35159.82725709782,1,9624.209273048786,1133.0566822965018,2649.1747716433606,2245.4451254731443,3506.0279075963585,19157.91376005815,54.4880770316944,1
49396,46314.772718413136,20,2280.071949845476,4077.60094857602,4752.038486193331,3680.384065682738,160.86344951786705,14950.958899815432,32.2811881010731,0
23082,21427.192833076624,9,1636.0777557174292,3601.40482742354,1897.7698876626343,70.25880325746898,1584.3561217922866,8789.867395853358,41.022020310027074,1
48372,40489.42656424884,16,8084.016190807583,4426.652736676558,5118.062008345957,819.325505809436,4403.389768678321,22851.446210317856,56.43805840040006,1
25703,21642.473080221218,19,5280.03067658402,4267.182069411307,1831.6707344545548,1910.020587427148,1244.212798140455,14533.116866017484,67.15090651677473,1
21965,19851.71180096676,6,983.7490925470663,776.5032878441099,997.361873781769,1525.3082274889987,1633.6235935511793,5916.546075213123,29.803707279918264,1
44293,40581.33191864258,1,8361.699648159984,7757.037331138925,5259.0606541634315,2908.0865631487914,4360.652424142817,28646.536620753945,70.59042980201954,1
29008,25390.698339288687,21,597.7477029720578,5047.504280817317,1730.134928890248,2321.214140309049,2047.7382490917198,11744.339302080389,46.25449503256712,0
28116,25427.351585664925,12,5828.29332224676,2438.2209658122306,3749.253797756919,2437.064704546461,3593.540569681862,18046.373360044232,70.97228863669059,1
23891,22224.007054942234,15,4061.59294608747,3379.5913470664673,2460.213291193327,1668.5800675016208,2502.163877062278,14072.141528911165,63.31955121379321,1
44308,37587.96811732291,17,2171.3160941397136,6406.998768484875,3819.8536638784503,1715.89032031841,4020.2328930686035,18134.291739890054,48.24493753769208,0
37882,32880.944409791126,20,2512.4067357639187,762.1074392305941,1246.1729032654014,1735.4300478908945,2735.25696856409,8991.374094714898,27.345242833224376,0
23288,21815.412992886402,4,4787.415827570464,1503.8358241802694,1572.3667181368926,2128.3605216738124,1023.3933916062952,11015.372283167733,50.49353082043251,1
41506,34490.07826227273,28,2445.2677825580745,160.99818087507884,4647.014825568093,2599.8838979822485,2642.3912806352855,12495.55596761878,36.22942190098522,0
32528,29137.266671165275,17,1878.5258568836844,5229.094813645503,3052.849336650562,3117.577036541675,3190.1965309839998,16468.243574705426,56.51952106750863,0
22072,18574.913049591436,13,526.7515745757635,2282.549199278382,2713.158743423414,427.294756389463,1237.7329601637257,7187.487233830748,38.69459423385479,0
30008,25433.25604211648,26,2408.4263166285436,3101.7383558912716,2162.0884787253713,469.80913274206415,2196.6024166227917,10338.664700610043,40.650181335372935,0
31204,26479.36485479616,25,4280.327249542036,2698.4203407133964,3401.274595902924,2367.4404653558718,2669.367545937742,15416.83019745197,58.222054350595755,0
34358,29272.882463906353,15,3112.7385387744266,4013.3745052489217,590.2684693222176,2831.4524032561612,648.6075555968889,11196.441472198616,38.248510326934486,0
31268,27734.13247093131,20,2386.687194633342,1722.715399998321,1249.485281860631,1897.637265394692,3679.3467379914437,10935.871879878428,39.431094126850844,0
19024,16622.54968900599,24,1958.3477491078554,723.2547565746758,2086.0578837271396,2429.617211070096,1313.7806171943237,8511.05821767409,51.20188164216004,0
28100,22655.340237668817,30,5766.015721961169,811.3463965937261,615.3283918817683,3030.6028788428657,2196.1252107502423,12419.418600029772,54.8189454218839,0
38941,34500.501327571816,26,6322.873889369534,5197.7187996234325,2525.5234344506234,2686.387013353187,3147.5931858941003,19880.096322690875,57.62263027408031,0
29066,25954.329846823315,21,8008.9357097861,4605.962563526471,1414.5155366251722,1456.4503438651645,3319.444465701227,18805.308619504136,72.45538116564322,0
33915,30722.63312066765,17,2256.98498290733,2836.4245640314807,769.3918056994311,3751.4739385734492,940.9034422758264,10555.178733487517,34.356360966947406,0
34544,31940.9296997198,26,8888.525929492296,5853.619384155101,2652.791811152482,475.43394535156875,2299.581670483611,20169.952740635057,63.14766955832221,0
33665,29118.52296902796,21,9095.191256427996,731.1007610777713,1377.6195899154222,4300.405430340327,3682.754280542979,19187.071318304497,65.89301022827603,0
28565,23780.522647878413,30,432.45470688017787,1585.596822139516,1395.797427230719,2369.0133069876188,862.7753900440855,6645.637653282118,27.945717391013737,0
35355,32793.86976134131,9,7436.4005879448205,192.0650218354884,4229.001890458249,352.00135415253465,147.70107486849784,12357.169929259591,37.681341114023404,1
28422,26807.00246124451,5,6944.880793706037,2951.6460858027776,2099.400104633575,3248.199223982293,1335.6918452986286,16579.818053423314,61.84883251080807,1
19902,16577.97091370052,24,5131.31686741241,86.4858132927562,1083.7517729511546,1717.5722591152237,1268.8561606360997,9287.982873407644,56.02605362114481,0
32477,26370.05641542271,21,9168.640166351212,4803.098672628483,865.125642875411,1651.3400072911973,3075.488752075298,19563.693241221597,74.18904583677582,1
34584,30343.070384210863,3,2382.1736498702635,2977.9826991933282,3795.869496432807,882.6841702389115,196.78118235852023,10235.49119809383,33.732549371206375,1
28370,25780.40889119409,10,292.77044124737733,1109.270746973246,1648.2536088442596,1284.410090480083,2853.724449939478,7188.429337484444,27.88330226965416,0
31458,27227.814967811883,17,7425.513765997334,3345.1839491539354,3296.8372612310145,3909.6135575081344,2862.979476000467,20840.128009890883,76.53984733820036,1
16847,13526.88673448619,28,4415.510370334253,2283.9513832547773,1560.438844935291,164.34025894105508,1352.4737325966682,9776.714590062043,72.27616214998496,0
39769,33637.517874338504,30,6398.759343810632,5350.585643717275,1439.825549676958,1283.9135116322461,234.91443369483238,14707.998482531944,43.72498154435001,0
45624,40035.07988217299,18,7802.731050027552,7800.0768332213365,3442.492078843816,5327.878684312195,3756.196346227581,28129.37499263248,70.26181807409871,1
39777,35475.90507434316,18,8525.341095162852,1498.4588600297825,884.059108538871,4404.7553036432455,3276.730111406421,18589.344478781175,52.39991605520824,0
30323,26740.278192575635,6,4102.635508804139,1185.3983845994178,3514.726176580335,3221.8149427085714,975.0305030821498,12999.605515774612,48.61432413737534,1
24962,22175.35575676334,11,7357.253224825252,3008.7630303062824,3094.725212822721,2224.250414031216,411.90410114626485,16096.895983131735,72.58912172456257,1
30292,25439.695855826165,12,6751.320121864873,4302.951534847258,1714.5404859754158,3711.465302271808,563.1667269063666,17043.44417186572,66.99547144138697,1
43207,39771.52923595933,18,5110.283771110718,4466.466951143491,5910.935343951573,670.7037577208552,5564.883307557874,21723.27313148451,54.62016057417141,0
45736,43277.57390219807,26,11885.50610018797,7239.3069935930525,3982.554824831677,3404.5709013019728,2911.0536871215695,29422.99250703624,67.98669577349355,0
39080,32902.05465825488,19,4346.521368579318,2768.9381313876306,1135.9815128803434,634.8230862578391,2239.645329107473,11125.909428212603,33.81524206854114,0
30968,27760.269449915286,9,3059.97208954946,3419.413857344952,1025.703248219493,1839.1061554900798,3531.5230099362893,12875.718360540273,46.381820550302926,1
22093,19566.866563457424,15,2518.047203627856,2367.529655348211,2048.3458814704677,2009.4057835847345,2553.9972238941323,11497.3257479254,58.7591565089809,1
23080,21919.66264574342,21,5717.660393602431,800.2276531507338,1536.5587613057114,321.1122446350729,2320.548986464135,10696.108039158085,48.796864313215885,0
46569,37856.06531752649,16,2444.00934227085,3627.134663046677,1236.5681135325701,3991.7575831404683,833.394414744531,12132.864116735096,32.04998727408117,0
46480,40276.515862912216,10,5749.176803378505,5538.304569891569,1957.4713651357915,5123.783442472429,3657.618979840943,22026.35516071924,54.68783654397909,1
49720,44106.89344755534,7,545.8085669032184,8229.336238153403,6385.067970733775,777.8329228689496,1483.9883287169503,17422.034027376296,39.49957175762495,1
45370,42235.59754459399,9,4022.9966367935485,1933.160955602885,4147.731084692023,2195.106059858394,356.12434523180457,12655.119082178655,29.963158610025314,0
39983,36472.53771804497,20,6.710234989723457,1678.2367197700023,3445.665085163783,573.1022783268414,1074.4635397322845,6778.177857982635,18.58433298604582,0
44117,36667.306960748254,12,559.2461418554436,920.6207763345053,4453.619308751482,51.229903282925505,2873.5509935750842,8858.26712379944,24.158488468438843,0
47673,40306.74354146217,14,10071.13062753744,7211.054341021089,1909.76404459748,669.226696014606,596.9593014888312,20458.135010659444,50.756109804839134,1
34204,28903.390908648616,28,7101.439878730496,4756.985763646631,1722.489835507528,2582.15431448257,3230.1075414993384,19393.177333866563,67.09654723613636,0
30078,25415.140286831207,24,8728.36833051177,771.6592716384348,2300.8778852091295,3384.503139517663,1694.1656636186895,16879.574290495686,66.41542836276138,0
28952,26366.619859994906,30,2062.0948513504336,2094.9689254875607,3214.90027630432,2716.2651493283765,848.2387724400032,10936.467974910694,41.47846039038243,0
33759,31001.011019149657,11,1361.0785328616341,2212.0715740527116,3481.8712606998024,3249.2650472262517,1465.9283260477089,11770.21474088811,37.96719640407057,0
16897,14034.866845915138,26,2092.7948330739296,1824.3328527603815,875.9867311784901,1339.637774705579,1618.5886367200046,7751.340828438385,55.229172556734454,0
19038,17454.825434174167,4,6038.221236744703,1138.7042793249316,2234.594857391808,557.9004399434972,660.2494902337046,10629.670303638644,60.89817594409853,1
19911,17830.233542102793,12,2479.721371193814,3043.9612774339175,1473.8659454229105,2031.2543609876034,1360.0397985904115,10388.842753628656,58.265320693065114,1
33806,28397.161445162255,21,450.0884824747373,2342.19152618263,89.57513621020915,1800.1568829396936,3185.7297333223814,7867.741761129651,27.70608525898986,0
38794,33195.374965690615,5,4046.675654245359,3798.668900454093,2702.134642458018,4657.645088596732,2949.169964607711,18154.294250361912,54.68922784913697,1
29881,27918.316244900754,8,4567.899674083309,4020.868913354241,342.07957210791716,3014.1618898758297,1081.5983926208476,13026.608442042145,46.659720907851806,1
31744,30019.360401199898,16,5858.341956464214,1931.6249165403804,961.3261261450103,2962.376640899687,129.41406966906408,11843.083709718356,39.45148581261904,0
45798,39308.02229336035,10,6164.198235439306,286.87902800036306,2452.4599203816642,5211.934030807587,5093.670476485013,19209.14169111393,48.868247676654576,1
31267,25676.33988969005,11,8391.936567990087,723.1530058296657,1901.879778535825,1467.9988623643567,1824.6089681309945,14309.577182850931,55.73059573259789,1
29233,25590.493863996646,16,861.7260393863892,4516.697980539358,2541.720643338618,1925.3630357933957,2638.3940234009183,12483.901722458679,48.78335599463488,0
18444,15940.309092698877,2,5451.672987466201,2731.796409609179,2280.05464297824,1140.5326939438507,1418.6896858541743,13022.746419851646,81.69695044255096,1
28067,26183.911937421995,8,2273.123012551288,4734.7070889928345,3568.8158050588154,2373.3047771876613,1764.420529551407,14714.371213342007,56.19622938126467,1
40314,32328.078479413238,24,4356.892696128946,6293.214817611612,356.20151123353025,1484.0317293562014,4323.593299907521,16813.934054237812,52.01031068068289,0
18281,15980.709532215486,4,252.47798340489436,2897.442707142822,1946.7896534541992,379.1886210983974,243.6240875927442,5719.523052693058,35.79016964899513,1
42487,37403.10402679543,2,7424.435722891079,4357.029399004946,5293.068844317349,3308.5900472257317,5049.522003332271,25432.646016771374,67.99608395750131,1
43192,39324.05498679123,20,12997.106904133976,6550.571635256388,3464.260546303222,4487.143764237296,376.0708201158849,27875.153670046766,70.88575600713077,1
21680,18312.429893063378,28,5905.715580518215,1265.4536563540369,2215.315959286679,1016.474813435207,99.4098336165757,10502.369843210712,57.35104464311935,0
36837,33561.53734412053,5,8897.463081222231,5504.460569065299,739.1392267254828,328.78832045130883,4465.160755202637,19935.01195266696,59.39838735116605,1
15843,13172.471180786792,26,2993.7520908551282,1254.0767567678893,720.8589080632319,493.1388714880583,742.3339198699919,6204.160547044299,47.099442935913295,0
36448,29257.415641387684,1,3113.6264128490416,4907.415312821583,2899.9345596446306,3652.985753072187,1881.8770988912422,16455.839137278686,56.24501951566828,1
38351,35359.70181630203,11,1465.0429193259533,4990.468263168242,4360.421561342498,64.45833738040838,941.3943526413537,11821.785433858455,33.432933046986854,0
20421,18900.68299312582,13,958.1012598057401,2862.380046782582,645.0230575163531,2217.4854223663833,78.14651033680035,6761.136296807858,35.77191522267679,0
36415,30885.035687528485,11,6488.193096438409,2672.653361044792,3463.2542880750725,1433.90611852225,85.606622772244,14143.613486852766,45.79438932804607,1
42010,36656.16249066012,12,2365.630670014836,6766.789531681049,3199.1358683122776,397.7346275208983,2778.835086078225,15508.125783607285,42.307008507938356,1
20507,18211.1977358639,27,4412.093487733963,3565.397035325145,621.8179392073503,125.48956357101574,598.0921640323538,9322.89018986983,51.193174249653886,0
40145,35712.51270633781,25,12156.020160788588,4663.620130024335,2388.456328109343,55.91705203410325,1301.2894322967484,20565.303103253118,57.58570748678641,0
26940,23869.518723382134,19,3112.9823809840636,2407.746393141478,3117.9952466260193,1922.2082189120977,2829.2450146846145,13390.177254348273,56.09739102628619,0
36138,32655.474724821022,10,2669.9682246445204,2793.775712471106,610.436811392989,2219.010328146764,4340.043943465362,12633.235020120741,38.68642280223345,1
36188,29810.492608689485,25,3191.7936155787834,3729.973943793096,885.6592460785143,1220.118819385289,3545.4754198800088,12573.021044715691,42.17649540300039,0
47745,38985.31212990098,11,4408.3351618485285,1549.7319415008167,4962.316348144178,3448.840856739724,380.8794198573368,14750.103728090582,37.835027917546256,0
36244,31438.487245611228,20,9096.926071974387,2437.0474927550085,3164.596411614809,2439.185200351866,948.2956830946958,18086.05085979077,57.528375072549196,0
35604,29938.959897796565,9,2563.266310648138,5829.120176956541,3113.835018366277,267.27354516731305,939.6863119523284,12713.181363090596,42.46367077042732,1
40606,37727.549089565786,7,8129.779736544082,1993.027158044635,2400.9588661316625,4778.294050085706,1733.9913109226568,19036.051121728746,50.45663336501628,1
24815,22866.53695936234,19,2659.7015790082482,2256.112123361821,2394.929760057981,2042.4344564582454,2930.4099951103663,12283.587913996664,53.71861920249076,0
48770,44901.582250138956,17,12354.405863523267,619.7800844851108,2916.190994664189,2831.8988864975186,2643.063964769147,21365.33979393923,47.58259892695232,0
49287,40398.7676041288,15,10536.693967596171,1189.742339962869,2913.862298459588,4025.86247890666,4457.696241050168,23123.85732597546,57.23901667637053,1
32313,26683.101214564707,25,4237.109357499886,1559.3657112145618,2660.2516265785107,3483.148476397887,1253.9563984668675,13193.831570157712,49.446394795204654,0
43832,35191.003571488116,30,6296.088711503129,180.36793216387503,3153.3438174623993,2817.3889169826643,4074.901340140094,16522.090718252162,46.94975715793006,0
36617,32130.413792330655,18,11072.975880458338,6345.810403079979,1848.3060703134352,534.5443946805781,3117.4375338577884,22919.07428239012,71.33140092911214,1
34555,28413.37597466364,23,592.1913346885653,1484.297857815085,2365.4452852156537,3348.3486176957667,1425.8785993239105,9216.161694738981,32.43599670435883,0
32155,27276.88858524082,10,8318.231547330068,2752.422018636717,154.0025658941514,731.3757134126304,788.4674771500992,12744.499322423666,46.722701830880936,1
21507,19597.222762315127,22,5955.333587592723,1912.0970584230665,2874.6940509624687,947.9227429722506,212.75499080477326,11902.802430755282,60.73719003513097,0
22334,18751.600617607328,9,3471.6939367542404,807.9461955819813,1687.6894245924927,491.4416779091868,1574.0669488597966,8032.838183697699,42.838146713486665,1
44854,39191.56395901667,4,7997.513412103113,6408.209079007623,5743.7686845334865,444.66404091224376,4018.978113551477,24613.133330107943,62.80212077233342,1
25835,21060.40349389462,27,4090.2585318940046,1661.9359638372216,1980.616466268119,1965.488528834967,1897.1461251767535,11595.445616011066,55.05804112144654,0
47704,40186.30668894135,24,6452.059131461776,4590.778128608739,2714.488425013907,5294.763887716704,1334.4826054584194,20386.572178259546,50.73014630595455,0
23048,21482.344967496527,15,7111.052613613996,3545.0620613998985,3101.8182666890893,581.5052013219376,2669.604342226191,17009.042485251113,79.17684270961264,1
43126,40031.82466285006,16,6760.103151336924,9.215265872730283,1702.3393939534838,2839.480798529066,5496.553493363265,16807.69210305547,41.98582563900261,0
49457,42461.35881224692,12,6154.734854127759,2173.678593803698,4273.421648439731,2257.2427095677494,5564.89194698594,20423.969752924877,48.10013227140082,1
37885,34654.74897826145,7,10384.811489583553,6496.834163318119,4961.558128840282,4037.941480708022,4707.223166302542,30588.368428752518,88.26602220648105,1
19443,17778.765677755313,8,5800.492119826007,847.7871528079746,595.9911425680838,1678.7550599779192,2508.2961233851615,11431.321598565148,64.29761101395218,1
30500,28577.023885631497,30,995.4438551562836,2801.9183087228866,2471.718706223319,37.953585547665185,645.52484224451,6952.559297894664,24.329193010859345,0
42783,37989.720631713666,15,8218.31969082297,364.69517595411696,3341.8098242910323,3280.5208999245856,2922.3484582942165,18127.69404928692,47.71736603441615,0
24785,20254.66496389764,18,2560.8069839072427,2861.459355926895,2110.7583776257848,1010.1537292134102,2717.647110439329,11260.825557112663,55.59620747706371,0
34339,28633.852582275427,26,1188.2156067866808,4876.1598393690365,2868.865602351083,2494.6729126794708,3835.6369548933685,15263.55091607964,53.3059631854356,0
46801,39969.82987202732,29,13059.2421510118,3552.005983191643,4858.445037629781,2769.839378182685,4739.301354063936,28978.83390407985,72.50176945176476,0
37816,31521.361694397212,23,644.9252735996241,3228.0477490032135,963.884635024088,249.81074890565088,1782.372663042256,6869.041069574833,21.791701564706756,0
23462,19256.645310258133,10,2928.7923914916305,3110.5173033686847,2502.772990961413,2851.3260808329255,25.762881793620256,11419.171648448273,59.29990122612484,1
20460,18001.341840063014,13,3866.1352293583136,1908.7188032342854,1053.8194199956993,2600.071747472856,2210.7845988447243,11639.529798905878,64.65923430775277,1
43007,36185.92948568604,29,849.9136288353477,5583.590619731114,4257.454655541957,4740.249350602602,4298.731527778229,19729.93978248925,54.523788839785816,0
49578,41354.11416240562,26,2520.647995579674,6272.215979649411,4701.2539948381245,2333.0341062442544,430.2015576129437,16257.353633924406,39.3125423266924,0
25943,23867.38993909911,25,2255.6065713994944,347.96572874986185,690.6492137665168,1099.0402841987886,467.0781881950502,4860.339986309711,20.36393589207504,0
41731,38830.967867046944,22,3882.5713438359367,546.366812716036,4261.605268327913,2019.0115915298388,1251.6276785117282,11961.182694921452,30.803205152844125,0
23901,21583.070652613835,11,4908.720717665054,3749.407212720617,1711.5541670316668,2323.6374411206184,242.59143946516676,12935.910978003121,59.935452124540525,1
25189,20271.64283583336,5,2679.835220544554,1624.9257919628024,3.641314566475496,1625.9017975496001,2977.22183797539,8911.525962598822,43.960551371032835,1
42407,35613.93729911906,10,1668.2315281530061,1256.0337934867955,941.6636854458948,2068.1588597357013,486.74785972473103,6420.835726546128,18.028997110367104,0
18189,14896.678753362847,16,2145.2817198771177,622.9927321518136,2005.2565416284463,2118.6346133473667,1236.347518239424,8128.513125244169,54.56594224675215,0
39214,36911.03707836547,21,7104.751885202505,6474.418300810304,3963.1345332160313,4801.874917201328,4354.674851759107,26698.854488189274,72.33298384844942,0
46129,43462.99528805281,2,13896.241566137525,4179.043996713684,4794.493576781612,6309.151139877298,2178.6628943539063,31357.593173864025,72.14779599528352,1
29192,26057.62228245018,2,888.3667361964496,4319.377658016378,1465.7694056916714,1443.626927449638,3674.250853807257,11791.391581161395,45.25121844713707,1
40814,34552.29728820524,3,6001.906342187179,5346.663033057541,1012.7956059209829,1813.4941533484036,4092.8682174819282,18267.727351996033,52.86979097112566,1
32520,28671.454130382324,6,4371.799018443527,5284.946752337402,951.7930826093086,1807.8753238014422,3495.3463068379174,15911.760484029597,55.496872993157176,1
26263,22277.713167592505,3,5991.813319185684,1921.0628585117495,2730.054543488879,421.10281507901954,3196.7707049584387,14260.80424122377,64.01377077593867,1
20796,18642.272090817758,23,4595.2532230381175,2643.510644873302,409.5568794821006,1753.37247790331,192.38757491303036,9594.08080020986,51.46411742877318,0
31120,25812.7218393642,21,7464.1369663675205,3270.9254181148176,2289.4598763632525,2942.420138885929,1990.2191112363873,17957.161510967908,69.56709804846453,0
46796,38697.06443929376,8,7742.038917787991,3237.7448959539483,180.68893435150488,3068.7108076587115,2477.5789450328834,16706.76250078504,43.17320381496604,1
46883,42889.8150395443,23,202.67574035077587,4143.252303519795,6428.082737776415,4023.933478184511,4487.26249394864,19285.206753780138,44.96453700254763,0
19020,17832.559692874755,23,3121.8084141787913,2189.309904491555,2674.2249065235833,314.2452902694537,58.694814639483255,8358.283330102864,46.8709118267667,0
42401,36536.56444270015,21,7459.181078461864,4783.3077788644405,1812.0807531193466,3752.087741813219,990.7918305840968,18797.449182842967,51.448321618533065,0
33902,31700.790748888754,28,10725.086433445473,5611.43628992832,2519.5231805622484,2243.5165885468173,703.616327787545,21803.178820270405,68.77802826112374,0
21623,17456.924243206122,14,4364.453673526409,2779.6983432390366,2580.501868919346,1462.1176906705527,2336.2315519477806,13523.003128303124,77.46498145895318,1
39300,31531.55867088179,6,3356.913772139657,564.0588849502285,1011.0359804992747,3912.6894977829775,1544.4195389766867,10389.117674348825,32.9483162655793,1
23304,21776.191957150535,27,3393.338842003869,562.10212832507,2181.995639552481,364.49001085867803,2476.5597089737607,8978.48632971386,41.23074570329383,0
39578,34290.11050087641,2,8777.173385976277,701.1987532312157,4335.1583417747315,2737.078777317376,299.7496252733954,16850.358883572993,49.14057912744935,1
25945,20850.56295819834,5,1148.1991676768632,178.512956008397,2910.0184932719594,3070.210739656457,48.714591260529865,7355.6559478742065,35.277972890329075,1
33785,31881.318068807752,15,10763.36051253405,4999.750929624613,2881.2989650110185,1415.006590005865,831.6514279187277,20891.068425094272,65.5276183375047,1
23189,21716.29080221538,7,1174.6563043558115,3423.5473814437296,1159.2960716603695,2890.46918833159,2128.8761548201874,10776.845100611688,49.62562529100178,1
45167,40664.14594119811,27,9660.99833497179,6822.644164113685,4825.736065148419,1488.8671161834995,5556.75107292991,28354.996753347306,69.7297240531,0
39675,35067.42124144956,10,8365.664316664233,5009.294372795615,5028.984263065974,82.95085454567939,57.549490332146235,18544.44329740365,52.88225549782995,1
25324,22343.958464897976,20,5784.419930845469,2641.1314560964,2135.2727775191524,2730.7125253778763,2275.3231868893054,15566.859876728202,69.66921237874438,0
33950,31326.46596193283,23,8933.406502712725,2557.5916553138672,2337.7960582439982,902.9097875691696,1135.787150699758,15867.491154539519,50.65203069449746,0
36674,30407.430706345727,5,2559.1607935007873,2248.177250992541,3097.9824812851957,450.3766965868875,2057.3270881992808,10413.024310564693,34.24499889887638,1
45278,37224.43497604969,20,3199.941108539626,7058.679118456494,953.8603527462944,3807.53856906172,705.4526686930486,15725.471817497184,42.24502488114326,0
49686,41978.59758660731,4,9707.133841932737,7188.2911852778425,2588.2707707726604,1921.8871239418913,6224.426164167975,27630.0090860931,65.81927618970309,1
23552,19767.57870008938,1,1910.8606573245422,2926.847908284679,1952.5189064196159,1296.7039985827944,490.52279621935844,8577.45426683099,43.391527090731685,1
32170,27120.553006600327,5,3653.681888720127,4184.850209215557,1736.3520410648664,2547.581484104187,1509.110791815408,13631.576414920146,50.26289991801654,1
38551,31768.83271734131,5,5951.735463772006,2582.374952650873,1983.156076515726,3752.5203297902785,1560.405108208046,15830.191930936931,49.82931564336601,1
25969,23501.61541436931,15,7176.444153975446,855.1939259893256,408.1960475405959,531.862526795079,1290.0969238381333,10261.79357813858,43.66420519273895,0
35101,30434.26669864338,13,6802.870415060078,605.6932463837685,3958.9191095206133,815.6555612955128,2975.954313185583,15159.092645445555,49.80929159736015,1
47138,42589.44537751765,3,5743.084309759856,3608.0180008525144,4340.798377038599,2762.2743356668434,3805.5227090999774,20259.69773241779,47.56976183379131,1
17793,16411.10157930036,27,4559.097966884019,791.3627274018127,2132.0104427309966,2212.378320860272,2045.3444363409376,11740.193894218039,71.53812215156947,0
23162,20633.83534475125,29,1189.8303918990282,904.5568935861033,251.83214787006912,106.5973929932338,922.9235404149847,3375.740366763419,16.360217624893114,0
37873,31892.640126410064,17,2857.720061765372,3910.065965817325,2598.7864156871633,2125.9116488833397,1841.4407316291306,13333.924823782332,41.8087833773931,0
35236,33231.682376404045,27,2862.63545038281,6530.391548612696,1880.2829120036286,1646.5273915822013,1606.1362784507976,14525.973581032134,43.71121936139536,0
18463,15829.268935452612,7,2300.894661484905,2176.967640493697,2260.3575324049025,1090.0399360026306,1920.0472499321268,9748.307020318261,61.58406342117988,1
40724,38573.87932613965,11,11148.486806494666,5868.533164788872,846.7856464567659,5167.873914440508,3221.2418380881913,26252.921370269003,68.05880515232148,1
33300,28004.516908317346,22,7219.09433537521,4772.5288716736895,2652.899218896971,2568.623957601347,2486.6621890183637,19699.80857256558,70.34511124423194,0
45368,42954.60686993924,15,2188.1525462425247,1231.0381790076372,3697.9166882199947,274.5151426047339,4296.099442202195,11687.721998277086,27.209472626919695,0
31708,27454.385511231525,16,4601.344053842574,2264.1559726084442,2297.3101470820875,3310.915554757841,3879.3180670679285,16353.043795358875,59.56441381166183,1
33175,30816.867713101517,4,9786.803550788036,5001.383542998458,3443.0407483548597,3296.060341779702,2063.425424757068,23590.713608678125,76.55130245001746,1
40488,35477.3703811463,4,2068.1700785444577,737.6262999491524,4828.466832948197,5.346272337928287,345.0369070584684,7984.646390838204,22.506308401824153,1
34072,30625.94076562925,21,9263.034913881891,3621.4114396447944,1341.6355644144003,3372.8088060810283,1814.7705839803505,19413.661308002465,63.38959987080608,0
41218,36687.42428783839,23,385.504329330504,596.4470927657097,3097.1629281565115,600.145564442268,5315.296449736693,9994.556364431686,27.242458576588625,0
43377,36323.96938813689,11,4048.989253013606,5398.719529071328,224.34081214499793,1865.4153606568816,2539.425099560084,14076.890054446896,38.753721830423885,1
21872,20600.505766721453,2,5669.238771338198,3419.8648403531206,2485.1620645108496,2702.5961934284423,1147.7164127766139,15424.578282407225,74.87475529520472,1
28452,23257.909141109718,19,3717.290005308319,579.5804721161776,1715.0699531841824,855.346000772903,2603.757905016037,9471.044336397617,40.72182189265238,0
29999,27887.43197114391,13,6596.929755240265,4152.378061975382,3774.9278458016315,2559.61730996389,728.8248014360262,17812.677774417192,63.873496106950924,1
39916,34788.958674070265,28,10757.25850208742,3526.1796812920634,5020.066287292467,3795.5021970778,1495.709385457682,24594.71605320743,70.6969020936489,0
15279,13305.988233253409,28,2561.1933900977315,966.5729342211808,643.515372834936,789.0617418921511,1916.7843053676986,6877.127744413699,51.68445683145018,0
15600,13840.538171505712,8,2332.7544691988237,722.7849362896269,1396.752465659988,2052.342092005529,344.31336969464274,6848.947332848609,49.48468945339798,1
18712,17439.544367242594,3,2044.6344745941908,264.88199027619163,661.3200428121734,1097.0252226827072,2388.3254274580554,6456.187157823319,37.02038896125198,1
30866,28485.682354085784,15,6444.934673297252,2097.1933213441853,3778.8539769757194,1589.7449812052703,2054.927298321619,15965.654251144046,56.047996508161745,1
48923,40744.16456024373,23,13325.008875973246,7476.50083613571,5913.106616442343,4518.395886844601,3533.680443756607,34766.69265915251,85.32925643314391,1
38522,34498.87684693378,25,9459.894857780355,2678.4325751441593,3309.860068251907,1414.5078826625638,2543.0543986499356,19405.74978248892,56.25038133441055,0
34819,30463.0657606973,26,5611.194333634015,55.0278456658428,824.3592020671733,3779.0617664669626,893.2654973120439,11162.908645146037,36.64407493597754,0
42149,35893.143362678515,13,10799.673618773015,6845.333684684677,5294.09820911222,348.4830840403241,1534.54214754325,24822.130744153485,69.1556336912063,1
29610,26885.75731652288,28,4336.443018000266,4238.381007640367,3447.7041438058272,1005.1295541133858,1808.2926068003192,14835.950330360167,55.18144851081656,0
20103,16160.020051784379,27,4307.194276755285,1149.675724283166,1435.3152280675279,1359.8753049342508,377.5309070730875,8629.591441113316,53.40087087429352,0
36464,32875.57673222099,21,11261.274166625337,5994.591924042654,4139.261609710644,2897.9731218772085,729.8219190461728,25022.922741302016,76.11401906381563,1
49153,44843.19212266946,11,6860.9010189966775,5659.876977971547,6329.449920142711,1650.003544187019,4677.090752134447,25177.322213432402,56.145249750640694,1
44951,38892.85765356355,9,7729.624348325617,2728.483931941157,4162.922036508465,313.4123222316518,2530.7479638411673,17465.19060284806,44.90590729644628,1
27795,23816.00940222619,12,1588.5187188013226,4239.780037609424,1809.806829917754,2898.1394298338564,3.0051740713041433,10539.25019023366,44.25279656317447,1
23863,20428.807463395133,6,5533.730197920813,1780.9102262022645,979.8676400073114,1152.0636702759962,2858.067118743094,12304.63885314948,60.231801955142274,1
48864,41527.02321077797,28,6217.8784471503,1510.7634958770425,3801.6314024770504,4232.755251561605,1861.280177187507,17624.308774253503,42.44057823455853,0
30872,25678.238840636466,28,6207.05929262072,4180.354235305587,3270.172229186248,1051.1755548782112,1368.0269122133725,16076.788224204138,62.60860927409948,0
20451,18172.381570572383,29,5662.747960046664,751.0434283903876,2069.155497389034,1512.3271338618215,327.08119990942475,10322.355219597332,56.802434945086866,0
27639,24149.683137066568,23,2184.935199959631,900.8298449441633,2247.2954238185366,1110.6106793836711,1393.700427085072,7837.371575191075,32.453310176818626,0
20198,18128.739035559185,1,2696.680387051399,3427.1467224416247,294.762357381335,2278.411158993379,62.09583162057484,8759.096457488313,48.31608221789451,1
19816,17585.212852810655,24,300.12816290645344,1821.557365774728,1486.7372853017205,1680.8588191638198,988.8828939818079,6278.16452712853,35.70138490604103,0
48052,39443.75577327062,13,10144.387421529571,5558.803568651592,3514.723657886459,2369.189522990099,5895.731444870037,27482.835615927757,69.6760110114862,1
33472,28127.554727395847,3,4232.996435914641,569.2795050159878,3530.517272828392,736.6256870870675,1295.8892519767921,10365.30815282288,36.85108162895943,1
20869,17191.604222685153,14,4650.959889236818,1074.9256408093806,260.4338441263504,2133.074064173634,1875.3113272003397,9994.704765546523,58.13712691429941,1
15761,14846.466085037891,23,4403.616956779427,1004.4287344746332,584.6850916748384,1691.0078779798116,471.58632621137656,8155.324987120086,54.9310855553628,0
21191,18174.284172921027,6,4616.05168978613,3237.236844376181,1089.031493821769,1885.8330541950156,909.7349538949612,11737.888036074059,64.58514637711593,1
17054,15438.693908034411,17,3797.741934932634,1682.894166915003,1230.347294199742,1193.5879938006785,1282.3801598591278,9186.951549707184,59.50601523958077,1
19016,16098.025392390498,11,3004.989422022733,184.63720300179241,1191.0302136296368,253.94252899428434,2072.0637483692085,6706.663116017655,41.66140226855326,1
43593,36242.8376990558,9,721.9016332557173,5562.632950811885,3774.0094228565786,2937.141272691301,1152.8202983997664,14148.505578015249,39.03807338569365,1
28977,25240.070615173525,27,90.38832983920778,561.1456803235267,450.12565641734795,3619.1308745611495,129.86368778813397,4850.654228929366,19.218069168211073,0
30488,26453.789028079053,6,4885.922636047052,2330.4940664639457,2414.1691277994064,1283.6751110094165,2680.1574267822257,13594.418368102048,51.389305152741706,1
33776,29905.751092473907,30,727.2139712183443,1914.6402768958187,631.9732237445681,3793.4628578182733,3817.8904875022376,10885.180817179242,36.39828601368454,0
27546,24630.201402833613,25,4026.654603299165,3139.490387125208,963.0666733498133,848.3048171916597,1124.0755571968573,10101.592038162702,41.01303059990631,0
37582,31084.215409764063,23,2361.3366312268613,3872.7207548947804,3026.144278654047,2710.37420784216,568.0174417343549,12538.593314352203,40.337493319563166,0
21773,20252.057143674345,20,1810.192954589503,1999.7939040146698,2022.9984366209853,972.9440640234666,2932.9303322158516,9738.859691464477,48.08824912142999,0
38426,36067.514322401454,14,6144.850503272023,1720.8354421671984,2980.8130445906354,751.9519573335209,3435.3538018342683,15033.804749197645,41.68239766902978,0
49838,44268.612596500294,7,5188.59458283433,6063.832016342187,3312.547580823851,1517.9174626709212,3513.8079963194314,19596.69963899072,44.26770682336668,1
15527,12795.231508514402,13,1233.467166763726,190.8691932723851,1898.1504716649547,1574.2048936732954,1202.206920375396,6098.898645749758,47.665402862709705,1
15157,13003.526092466716,4,3036.1015371318204,250.53060808825416,1726.8504948682112,1666.4455951156704,607.2002619112153,7287.128497115172,56.0396345214149,1
27000,23683.82123035158,19,2749.0300407501095,3035.0750014450173,3278.0386473737876,2140.4378870757682,2961.988380416885,14164.569957061569,59.806945084137084,0
17754,16721.687195021845,14,2353.7598531246426,1523.5346495757592,2062.1109172584083,1254.9728094472653,2301.085361512728,9495.463590918804,56.78532004680523,1
25173,23527.683776476923,17,7706.6591396616395,4494.675992745575,2408.2282380109687,2512.241347833565,1966.7332862374387,19088.538004489186,81.13224483055144,1
33759,30719.569420021966,1,8832.000242465738,4183.434706176727,3283.5825521711267,4312.806546630356,4173.864521577083,24785.688569021033,80.68371086238783,1
46515,38348.38934929579,6,641.0541056755902,7204.469465571423,4193.539232995201,4403.054722223802,619.634768732236,17061.752295198254,44.49144432062456,1
20763,17709.30054691405,4,5378.28442514789,3156.1033958096837,2130.473766830597,2635.9143172608215,1474.2664175331481,14775.042322582141,83.4309761892701,1
17120,15935.253949508138,4,2550.7506369265316,983.2410148419141,1238.389736525162,1892.7325372555958,702.101062944943,7367.214988494146,46.232178111736616,1
29929,23981.787045084737,15,4375.819321760604,4248.0965702866115,1349.3296732047352,542.0817932240606,1476.3050023735636,11991.632360849573,50.003080830906455,0
39513,36339.428242714755,12,1868.6111502293652,5392.883674265032,528.3237718614338,882.5453690647308,314.450432378158,8986.81439779872,24.730203066968663,0
18166,17165.313153243915,22,0.9119868385563286,3117.8726366725746,617.866534975819,1070.1613377605029,268.7982665125561,5075.6107627600095,29.568996018000504,0
15983,15110.8325516563,4,483.2254620227633,68.88007308238896,1448.9179879745739,1424.7817157777063,547.5054311215904,3973.310669979023,26.294452383058854,1
31367,27852.165155272414,16,7327.769030182896,4083.3312780451224,3710.6564011502064,1008.3827858711505,2837.1313338182313,18967.270829067606,68.0998074057345,1
34383,29475.946291590175,18,2488.2606156579623,3004.1458587748934,135.9124243839646,1965.4732046762335,588.1917478127691,8181.983851305822,27.75817193573947,0
31938,25991.113996368294,2,1794.0069849707445,4688.84897050237,2894.2601229281413,2696.71910522846,257.445142392818,12331.280326022534,47.44421623384657,1
19669,16058.364915956821,13,5347.180696172528,3091.4881929048856,491.80964888368874,1579.6495429083366,1015.3882341279589,11525.516314997398,71.77266412438269,1
45963,37087.12150644029,10,5041.150738718773,3817.793779337764,1113.2876857052804,4998.058880864715,2066.9052475585977,17037.19633218513,45.93830860997548,1
47228,39645.79023741782,21,6988.745998015889,4036.4934776502737,1710.0638242733744,5842.99604821054,3244.872871612431,21823.17221976251,55.04537074195013,0
34969,29355.703671872303,15,10155.26837071954,1997.0696135352662,3578.43737374861,2398.2202542986442,2427.844420057363,20556.840032359425,70.02673232478611,1
49576,41798.43668669446,23,14260.56202683348,7868.929388795228,2287.8124970467416,3914.341518032718,4409.434905078423,32741.08033578659,78.3308729491525,0
23193,18831.390467034576,25,2789.4897261920387,2298.9093546439312,2097.8952831650136,2181.805894168049,1092.7269241835177,10460.82718235255,55.549945717841844,0
37828,30528.0743168842,21,444.01910763841806,3474.3026108889453,2088.853779699574,4018.38335376012,416.70134611883896,10442.260198105898,34.20543362714033,0
25015,22193.434836406952,3,7462.622331171427,3644.7639878660575,2218.0529812346313,2267.8007559746193,2863.401679754346,18456.64173600108,83.16261936040699,1
24395,20363.452831928054,21,5104.530899497581,3734.72281246585,2250.420738572231,1263.866211838553,866.7820290393685,13220.322691413583,64.92181262445487,0
29880,28144.489107328103,21,1471.2645530193286,3445.545442120625,3660.539707263434,2776.737859145183,2965.8594936969585,14319.94705524553,50.88011013679045,0
25001,22929.869590648384,2,4978.716459496392,4547.707353197055,2481.513881632834,2094.373679882781,708.2465999735998,14810.557974182662,64.59067687076133,1
39867,35726.951932082324,8,1062.1138834240285,4788.184613373948,2460.5200564800016,3006.3753608487896,2256.987595378145,13574.181509504913,37.994233416020805,1
31115,26296.35432237636,18,4314.967439975061,1531.9445275345076,1046.499223150708,2098.3277752760896,899.4162263970494,9891.155192333417,37.614169139471684,0
26838,25208.381940286876,12,6825.920179556085,2664.512637981104,3690.982301181317,1172.7455550497036,1568.9656993300653,15923.126373098274,63.165999352186375,1
22219,20315.13363908762,19,1125.4997532660889,699.1963725601603,1653.8451814555744,1582.6696983113554,2720.332671962953,7781.543677556132,38.30417173620725,0
41098,36265.286604215646,12,828.5556518275232,2144.0545848942456,1943.2709382806274,4104.266106497461,3627.4463106967396,12647.593592196596,34.87520650319741,0
35947,30353.840767095757,24,5353.168888948698,3735.0333959350814,2755.261372893387,3894.985341151388,151.3771728874429,15889.826171815997,52.348651011706316,0
25319,21222.21730176616,18,1257.3350161094286,822.4977973278327,555.7570332446293,2746.870091931023,803.2951163568388,6185.755054969753,29.147543666207586,0
28209,25496.684161059155,3,5837.992214593896,3530.0635296201744,3451.8772259980283,321.33774948112733,391.7074603544371,13532.978180047663,53.07740447566297,1
27861,23951.674044127834,29,1844.0094859042185,2898.343577990784,177.628602445452,85.75358110277281,447.42953997825055,5453.164787421478,22.7673638902013,0
20200,17519.957324678697,9,2661.9788768213093,1848.0552986525342,481.3611980964393,495.9054305034338,1033.0044399041387,6520.305243977857,37.216444784333596,1
22918,20863.347584602332,16,6609.222865102982,1907.2154329853333,2511.135561531034,2017.7591152022849,644.4248055545114,13689.757780376145,65.61630498108332,1
24998,20411.113068983803,23,3224.217325479568,1722.3486956956428,914.4247584207019,1933.2678016719963,1257.3436357090634,9051.602216976973,44.346441011742534,0
19624,17601.297465668904,27,2548.01228874761,1099.8824907802514,1825.6627142966856,2286.9545462682963,589.0955879411755,8349.607628034018,47.437455359866604,0
41595,37111.6531607713,12,4711.571556256424,1662.7186565032232,2173.6342489223416,2400.5276586825403,5479.173257609276,16427.625377973804,44.2654098614463,1
30462,25738.030478768444,6,4499.141336617335,3554.5000140551806,3117.72821955384,174.92614522990712,2249.1799204787276,13595.475635934989,52.82251743057819,1
33448,30092.403621183017,10,10334.57014111508,3318.2187404511724,459.9192401442502,3858.0396250605622,4244.618342192379,22215.36608896344,73.82383397690879,1
49722,41055.18262418466,18,5722.703565212665,718.5466266958971,5906.678878228341,5084.205615444048,4092.6265402675253,21524.761225848473,52.428852705111915,0
20280,17518.49470636373,17,4179.2767214591495,2500.1770222539876,283.79997835430385,918.9140810537394,1072.9995916865068,8955.167394807686,51.11836116578357,0
16788,14152.631230505447,13,3150.373571158383,2178.3560642643624,34.39124544161582,189.76427691501763,12.834354542446649,5565.719512321826,39.326393952278885,0
21132,19551.552267617626,5,2268.6439570498474,1713.391890619036,1495.3769526509768,176.64817311757335,9.40999479407535,5663.470968231509,28.96686099758773,1
18220,15304.747481694847,20,3126.378415434022,2558.167786580051,1400.623844565313,1731.8863373112968,771.7449982621091,9588.801382152791,62.65246384248692,0
47275,40494.389049719095,29,574.6425738534323,3837.5248162856724,872.7922379896487,4031.6311492355085,715.5025624048969,10032.09333976916,24.774033082587653,0
20086,18958.059757882704,17,5477.894878194892,3246.8884694578214,320.5933720195702,312.8948491006769,2794.346186673299,12152.617755446261,64.10264505255206,1
32500,27705.59413391399,2,6905.59659258941,1475.9159684956078,4002.600578498118,5.234118100883375,3017.3660920778398,15406.71334976186,55.60867337944123,1
17574,14875.55012680075,16,3565.8768524073585,1655.0740630055036,242.83296330042023,462.10447136782255,875.9005472824458,6801.788897363551,45.72462086702265,0
28762,24848.441600215792,4,3126.2386828916906,2637.876506540749,2220.784400861135,2151.8256209204387,119.48900660159357,10256.214217815608,41.27508027596603,1
24639,19936.072874906513,1,6389.782315421279,578.9006355419247,1670.8695468662454,839.3494541469993,939.7862075522792,10418.688159528727,52.26048392230099,1
28769,25874.804017714552,28,5792.569449131775,2122.30043874939,1717.6855563338463,942.3639776879485,1813.2272016710833,12388.146623574043,47.877257795238954,0
35002,33077.10574682972,16,10676.42504633537,6388.932662710867,2665.1360109840734,2977.2610751851103,3244.7826821071594,25952.537477322578,78.46072650963424,1
45361,39864.80574642888,3,2296.511799484091,6134.837768398933,1031.9193037332857,3012.5618006834775,191.5961165033289,12667.426788803117,31.775965169322003,1
44057,35878.64001695003,24,3496.7227073699783,1756.3125106252435,1682.4376515292422,699.0875833232511,3307.7340494265864,10942.2945022743,30.498074891090827,0
20699,19381.085744029788,1,4299.7073040431,3492.799252561973,1628.5887248276804,2410.4303993584335,1961.5463875827427,13793.07206837393,71.16769540438564,1
36724,34256.9833354333,26,1291.6181425512948,1231.5413554449478,566.6582840143236,2874.0174521075996,1625.982799682609,7589.818033800775,22.155535294756493,0
37151,31529.47526281651,18,6492.589319817836,1095.868757576077,759.8459942111571,410.03320442525103,3629.250990053014,12387.588266083338,39.288913509741555,0
32418,28466.56490705061,23,6522.018359907743,22.29751717541132,1412.3155416606223,1222.3968572770361,1048.3761224831176,10227.40439850393,35.92777854264671,0
17700,15389.895606520622,13,189.958807784042,527.5189757209595,960.8275159212075,1466.0780212407685,1545.0723694110275,4689.455690078004,30.471003897460523,0
47493,42621.60744130463,2,370.819370578265,5611.5450982541015,1769.7398092875678,4660.604575314123,946.994028106475,13359.702881540534,31.344906219078062,1
45947,39397.50694243699,3,2115.171054507961,2629.501176637994,3244.2832837809788,4501.382182594141,5771.6941418117,18262.031839332776,46.353267647151156,1
45984,37170.56457246206,29,4332.184182799099,1225.17919079161,2498.920772438372,750.1789324620222,4968.169292406321,13774.632370897425,37.057904633233385,0
19008,16204.777075503436,6,4780.8084974567255,2556.2453686626923,495.0851480881806,426.9453923922311,1402.7565851733038,9661.840991773133,59.62341195287914,1
43765,39388.747368862016,14,13554.597457520358,7570.333620134469,1227.54768511807,5413.1310340894415,4751.035032378885,32516.64482924122,82.55313256025654,1
30984,25872.808769964086,7,563.3588411657115,2316.006247604219,833.7478547181137,3388.1900513929436,1068.5246815903167,8169.827676471304,31.576887338013766,1
30507,25330.4684877537,26,6269.137703774648,1138.3170868142577,888.5705671692583,2111.5409041279972,1917.1326396458476,12324.698901532009,48.65562951388176,0
18088,16497.802501293903,14,152.49385135193356,1342.2609104109965,2295.6019473748306,1195.61390992384,369.47730253364335,5355.447921595244,32.461583421035755,0
41304,33761.73332880929,21,835.0858075489751,6386.306687280294,4582.368711100037,1525.9040484223303,926.6519366497729,14256.317191001408,42.226259689209506,0
21394,19810.35368318124,12,2747.2014240262306,1658.1272097202532,1185.3807353438278,1882.6463520410568,548.58327314817,8021.938994279538,40.49366872783332,0
35613,32187.332940351826,8,5753.1552415675105,5890.2256211172225,2575.43831090149,4277.415390761479,558.3837484726114,19054.618312820312,59.19912143119005,1
40586,36883.52915663988,10,439.3627947554139,5766.851044465281,2635.649102101792,1168.5376144110307,2749.422609278118,12759.823165011636,34.59490850461249,0
27310,25838.004354933775,19,6348.697601587062,1089.206580762902,1961.3833048577483,1042.2518434817787,2952.6963024062097,13394.235633095703,51.839280809386764,0
35097,32393.64599173027,1,3332.031055420963,5217.687008708149,3891.925868389541,4711.4702510786565,3963.860048049274,21116.974231646585,65.18863062539336,1
27890,24299.96309067832,5,6241.622683895916,454.50531350354487,944.0233600099472,3106.7895726160473,1963.0969825024943,12710.03791252795,52.304762213419295,1
49686,44715.38496687442,4,11853.371555356538,6467.9320517313645,234.8566524759849,4897.536303351158,5584.404838141028,29038.101401056072,64.9398443568534,1
39992,32981.19323107779,12,10712.500499664096,1876.4180813587534,3914.8883244109074,3750.0419202159196,3377.314288277074,23631.163113926752,71.65041891710389,1
44680,42188.24160866945,8,1861.4143645886613,4303.505318901914,3482.72856143494,1186.005988376495,3495.543408353928,14329.197641655937,33.964908456178385,1
39151,33214.45929267761,2,5071.329527857571,4561.3908499422705,3253.530262128911,2895.892556326607,970.3757623744536,16752.518958629815,50.43742790153757,1
44140,39904.76641746143,3,7832.653817607987,7705.723588682276,2387.350048757889,170.4478015240917,57.95053976757412,18154.12579633982,45.49362751913261,1
47211,40991.40744239625,10,7873.822821808822,8127.17524487655,4576.915449016976,2793.1336699780104,5285.556702274913,28656.603887955273,69.90880693283188,1
19994,18900.864552263596,12,3072.9333488715847,275.0308446292766,1591.5567059776922,1297.9210126574928,66.56450480872962,6304.006416944776,33.353005623172926,0
35766,28855.742978056034,5,9295.23786990528,2095.356681872778,365.32077959824437,1158.7173856730603,2146.55765955795,15061.190376607312,52.194775882433234,1
